index,ticker,tradeDate,expiration_date,call_volume,call_open_interest,strike_price,put_open_interest,put_volume,delta,Ticker,Trade_date,W_Close,W_High,W_Low,W_Open,W_Vol,W_Unadj_Cls,W_Unadj_Hig,W_Unadj_Low,W_Unadj_Open
41.0,MSFT,2019-01-02,2019-01-04,3634.0,2374.0,101.0,1371.0,2439.0,0.464913243,MSFT,2019-01-02,96.87,97.48,94.79,95.37,36877521.0,101.12,101.75,98.94,99.55
63.0,MSFT,2019-01-09,2019-01-11,3333.0,3073.0,104.0,1331.0,3599.0,0.535181906,MSFT,2019-01-09,99.89,100.48,98.91,99.5,33695411.0,104.27,104.88,103.24,103.86
64.0,MSFT,2019-01-16,2019-01-18,4889.0,4948.0,106.0,5506.0,3103.0,0.392179272,MSFT,2019-01-16,100.96,101.79,100.55,100.84,31162055.0,105.38,106.26,104.96,105.26
72.0,MSFT,2019-01-23,2019-01-25,81.0,924.0,102.0,6150.0,4794.0,0.974309369,MSFT,2019-01-23,102.23,102.55,100.92,101.66,27008076.0,106.71,107.04,105.34,106.12
65.0,MSFT,2019-01-30,2019-02-01,8196.0,13286.0,106.0,7471.0,2550.0,0.517195953,MSFT,2019-01-30,101.91,101.91,99.95,100.23,51639766.0,106.38,106.38,104.33,104.62
58.0,MSFT,2019-02-06,2019-02-08,5159.0,6439.0,107.0,851.0,1461.0,0.313247355,MSFT,2019-02-06,101.58,102.51,101.1,102.51,21512863.0,106.03,107.0,105.53,107.0
53.0,MSFT,2019-02-13,2019-02-15,724.0,2369.0,103.0,3584.0,171.0,0.959187114,MSFT,2019-02-13,102.33,103.26,102.23,102.99,19200911.0,106.81,107.78,106.71,107.5
53.0,MSFT,2019-02-20,2019-02-22,5.0,94.0,103.0,614.0,644.0,0.958471435,MSFT,2019-02-20,103.09,103.85,102.26,103.77,22458595.0,107.15,107.94,106.29,107.86
61.0,MSFT,2019-02-27,2019-03-01,1748.0,3023.0,111.0,3039.0,3812.0,0.704087928,MSFT,2019-02-27,107.92,108.1,106.68,107.46,22333241.0,112.17,112.36,110.88,111.69
62.0,MSFT,2019-03-06,2019-03-08,4015.0,4638.0,112.0,3067.0,2073.0,0.449374809,MSFT,2019-03-06,107.52,108.39,107.21,107.63,18383481.0,111.75,112.66,111.43,111.87
70.0,MSFT,2019-03-13,2019-03-15,9151.0,24420.0,115.0,2096.0,2516.0,0.385046863,MSFT,2019-03-13,110.16,110.64,109.47,109.8,36912338.0,114.5,115.0,113.78,114.13
31.0,MSFT,2019-03-20,2019-03-22,5649.0,3757.0,118.0,931.0,2731.0,0.505207071,MSFT,2019-03-20,113.07,114.25,112.29,112.94,29220504.0,117.52,118.75,116.71,117.39
67.0,MSFT,2019-03-27,2019-03-29,7422.0,4458.0,118.0,1585.0,1054.0,0.309390006,MSFT,2019-03-27,112.35,113.73,111.14,113.41,23628728.0,116.77,118.21,115.52,117.88
32.0,MSFT,2019-04-03,2019-04-05,10489.0,6141.0,120.0,704.0,2018.0,0.422777341,MSFT,2019-04-03,115.42,115.87,114.64,115.32,23761031.0,119.97,120.43,119.15,119.86
27.0,MSFT,2019-04-10,2019-04-12,3442.0,4923.0,120.0,2007.0,3354.0,0.549714956,MSFT,2019-04-10,115.64,115.79,115.01,115.22,17126034.0,120.19,120.35,119.54,119.76
32.0,MSFT,2019-04-17,2019-04-18,7408.0,6365.0,121.0,2121.0,4311.0,0.697351585,MSFT,2019-04-17,117.16,117.23,115.97,116.65,20061034.0,121.77,121.85,120.54,121.24
31.0,MSFT,2019-04-24,2019-04-26,8796.0,7073.0,125.0,1211.0,5138.0,0.53326536,MSFT,2019-04-24,120.27,121.08,119.8,121.02,32487910.0,125.01,125.85,124.52,125.79
59.0,MSFT,2019-05-01,2019-05-03,10938.0,9757.0,130.0,3228.0,2225.0,0.213283717,MSFT,2019-05-01,123.03,125.7,122.86,125.58,27877921.0,127.88,130.65,127.7,130.53
66.0,MSFT,2019-05-08,2019-05-10,3344.0,3774.0,126.0,2774.0,1609.0,0.510577489,MSFT,2019-05-08,120.75,121.58,120.02,120.69,29538129.0,125.51,126.37,124.75,125.44
29.0,MSFT,2019-05-15,2019-05-17,6454.0,9524.0,125.0,5779.0,3589.0,0.663059413,MSFT,2019-05-15,121.69,122.36,119.45,119.99,25601608.0,126.02,126.71,123.7,124.26
58.0,MSFT,2019-05-22,2019-05-24,4261.0,4366.0,128.0,1511.0,1310.0,0.518761638,MSFT,2019-05-22,123.29,123.84,122.18,122.27,15943747.0,127.67,128.24,126.52,126.62
22.0,MSFT,2019-05-29,2019-05-31,8863.0,1795.0,125.0,3669.0,2187.0,0.511521793,MSFT,2019-05-29,120.65,121.08,119.78,121.08,23572340.0,124.94,125.39,124.04,125.38
21.0,MSFT,2019-06-05,2019-06-07,6320.0,5510.0,125.0,1788.0,4063.0,0.586893585,MSFT,2019-06-05,121.51,121.55,119.95,120.66,25812226.0,125.83,125.87,124.21,124.95
29.0,MSFT,2019-06-12,2019-06-14,3258.0,1654.0,131.0,2142.0,6246.0,0.566613351,MSFT,2019-06-12,126.98,127.44,126.22,126.89,17700036.0,131.49,131.97,130.71,131.4
42.0,MSFT,2019-06-19,2019-06-21,8486.0,24811.0,135.0,5243.0,5032.0,0.652498999,MSFT,2019-06-19,131.03,131.26,129.22,130.36,24588518.0,135.69,135.93,133.81,135.0
27.0,MSFT,2019-06-26,2019-06-28,8867.0,3206.0,135.0,2288.0,3896.0,0.350211933,MSFT,2019-06-26,129.33,131.08,129.01,129.74,24498737.0,133.93,135.74,133.6,134.35
30.0,MSFT,2019-07-03,2019-07-05,3057.0,3623.0,137.0,1091.0,4172.0,0.604705304,MSFT,2019-07-03,132.74,133.01,131.62,132.1,14113725.0,137.46,137.74,136.29,136.8
31.0,MSFT,2019-07-10,2019-07-12,17678.0,4914.0,138.0,746.0,5016.0,0.40335818,MSFT,2019-07-10,133.12,133.82,132.32,132.42,25064776.0,137.85,138.58,137.02,137.13
25.0,MSFT,2019-07-17,2019-07-19,100.0,940.0,133.0,3391.0,533.0,0.758031795,MSFT,2019-07-17,131.59,133.2,131.54,132.97,20929398.0,136.27,137.93,136.22,137.7
27.0,MSFT,2019-07-24,2019-07-26,404.0,4141.0,135.0,4421.0,313.0,0.965393921,MSFT,2019-07-24,135.89,135.91,134.08,134.13,21475449.0,140.72,140.74,138.85,138.9
36.0,MSFT,2019-07-31,2019-08-02,13434.0,6390.0,140.0,3706.0,2228.0,0.141063416,MSFT,2019-07-31,131.59,135.67,130.44,135.51,39970887.0,136.27,140.49,135.08,140.33
26.0,MSFT,2019-08-07,2019-08-09,446.0,937.0,130.0,4317.0,2130.0,0.904727215,MSFT,2019-08-07,130.64,130.99,127.3,129.2,34602407.0,135.28,135.65,131.83,133.79
28.0,MSFT,2019-08-14,2019-08-16,7714.0,2966.0,136.0,3552.0,3929.0,0.306791121,MSFT,2019-08-14,129.81,132.66,129.51,132.12,33571762.0,133.98,136.92,133.67,136.36
44.0,MSFT,2019-08-21,2019-08-23,5479.0,11059.0,139.0,880.0,3045.0,0.464339783,MSFT,2019-08-21,134.47,135.15,133.71,134.24,15463437.0,138.79,139.49,138.0,138.55
22.0,MSFT,2019-08-28,2019-08-30,1783.0,610.0,130.0,8034.0,1121.0,0.91928723,MSFT,2019-08-28,131.34,131.54,129.4,130.68,17969928.0,135.56,135.76,133.55,134.88
21.0,MSFT,2019-09-04,2019-09-06,273.0,526.0,133.0,1884.0,584.0,0.958654709,MSFT,2019-09-04,133.35,133.41,132.23,133.03,18593839.0,137.63,137.69,136.48,137.3
23.0,MSFT,2019-09-11,2019-09-13,8413.0,8904.0,136.0,2954.0,2807.0,0.458856954,MSFT,2019-09-11,131.88,132.03,130.89,131.68,25520144.0,136.12,136.27,135.09,135.91
34.0,MSFT,2019-09-18,2019-09-20,9854.0,8177.0,138.0,3968.0,4236.0,0.611034863,MSFT,2019-09-18,134.21,134.35,132.28,133.09,25259214.0,138.52,138.67,136.53,137.36
28.0,MSFT,2019-09-25,2019-09-27,9141.0,5421.0,139.0,2600.0,1810.0,0.611835273,MSFT,2019-09-25,135.02,135.6,131.8,133.22,23267969.0,139.36,139.96,136.03,137.5
18.0,MSFT,2019-10-02,2019-10-04,9533.0,689.0,136.0,2530.0,2911.0,0.366643327,MSFT,2019-10-02,130.46,132.13,129.42,132.01,33029376.0,134.65,136.37,133.58,136.25
20.0,MSFT,2019-10-09,2019-10-11,92.0,662.0,133.0,5143.0,1027.0,0.93186234,MSFT,2019-10-09,133.94,134.38,132.71,133.18,20826392.0,138.24,138.7,136.97,137.46
33.0,MSFT,2019-10-16,2019-10-18,14806.0,50612.0,140.0,26746.0,13348.0,0.550456115,MSFT,2019-10-16,136.04,136.6,135.19,136.41,21510886.0,140.41,140.99,139.53,140.79
22.0,MSFT,2019-10-23,2019-10-25,12410.0,4547.0,137.0,6729.0,2458.0,0.522281128,MSFT,2019-10-23,132.97,133.17,131.39,132.62,32388028.0,137.24,137.45,135.61,136.88
41.0,MSFT,2019-10-30,2019-11-01,11635.0,9861.0,145.0,2271.0,1263.0,0.441906978,MSFT,2019-10-30,140.11,140.49,138.35,139.05,19090482.0,144.61,145.0,142.79,143.52
44.0,MSFT,2019-11-06,2019-11-08,3811.0,9276.0,144.0,4099.0,3207.0,0.495544366,MSFT,2019-11-06,139.58,140.02,138.74,139.88,17108000.0,144.06,144.52,143.2,144.37
50.0,MSFT,2019-11-13,2019-11-15,8234.0,7718.0,147.0,2617.0,2376.0,0.560271993,MSFT,2019-11-13,142.73,142.87,141.73,142.17,18000260.0,147.31,147.46,146.28,146.74
49.0,MSFT,2019-11-20,2019-11-22,3807.0,3903.0,149.0,7674.0,5227.0,0.598867553,MSFT,2019-11-20,145.46,146.64,144.33,146.13,26455928.0,149.62,150.84,148.46,150.31
55.0,MSFT,2019-11-27,2019-11-29,9480.0,8265.0,152.5,2792.0,4125.0,0.321986173,MSFT,2019-11-27,148.08,148.26,147.3,148.09,15636163.0,152.32,152.5,151.52,152.33
31.0,MSFT,2019-12-04,2019-12-06,6945.0,11273.0,150.0,4622.0,1293.0,0.469588673,MSFT,2019-12-04,145.68,146.0,145.05,145.96,18083636.0,149.85,150.18,149.2,150.14
21.0,MSFT,2019-12-11,2019-12-13,250.0,1423.0,147.0,1790.0,403.0,0.926343371,MSFT,2019-12-11,147.48,147.65,146.15,147.32,19399646.0,151.7,151.87,150.33,151.54
36.0,MSFT,2019-12-18,2019-12-20,9855.0,24301.0,155.0,5767.0,3607.0,0.407245914,MSFT,2019-12-18,150.08,151.16,149.89,150.01,24822808.0,154.37,155.48,154.18,154.3
21.0,MSFT,2020-01-08,2020-01-10,28312.0,9859.0,160.0,3624.0,5925.0,0.601000649,MSFT,2020-01-08,155.64,156.33,153.56,154.51,28556365.0,160.09,160.8,157.95,158.93
24.0,MSFT,2020-01-22,2020-01-24,1290.0,6292.0,162.5,8952.0,1770.0,0.91192246,MSFT,2020-01-22,161.09,162.83,161.07,162.74,24829395.0,165.7,167.49,165.68,167.4
32.0,MSFT,2020-01-29,2020-01-31,3095.0,9477.0,162.5,5909.0,10423.0,0.798635942,MSFT,2020-01-29,163.37,164.06,161.08,163.17,36132833.0,168.04,168.75,165.69,167.84
40.0,MSFT,2020-02-05,2020-02-07,24810.0,6502.0,182.5,462.0,3848.0,0.250748873,MSFT,2020-02-05,174.9,179.08,173.45,178.91,40307562.0,179.9,184.2,178.41,184.03
39.0,MSFT,2020-02-12,2020-02-14,2690.0,6696.0,180.0,8065.0,20818.0,0.825892711,MSFT,2020-02-12,179.57,180.68,176.79,180.42,48409545.0,184.71,185.85,181.85,185.58
28.0,MSFT,2020-02-19,2020-02-21,3782.0,3948.0,182.5,8587.0,4798.0,0.870972797,MSFT,2020-02-19,182.57,183.44,181.78,183.33,30771686.0,187.28,188.18,186.47,188.06
27.0,MSFT,2020-02-26,2020-02-28,9993.0,5414.0,170.0,6757.0,7827.0,0.520816944,MSFT,2020-02-26,165.89,168.9,163.98,165.44,57838220.0,170.17,173.26,168.21,169.71
43.0,MSFT,2020-03-04,2020-03-06,12510.0,11359.0,170.0,6546.0,1515.0,0.430428963,MSFT,2020-03-04,166.26,166.4,161.45,164.25,51100085.0,170.55,170.7,165.62,168.49
46.0,MSFT,2020-03-11,2020-03-13,9712.0,3373.0,157.5,3351.0,1267.0,0.375213913,MSFT,2020-03-11,149.76,153.73,147.35,153.18,57962746.0,153.63,157.7,151.15,157.13
33.0,MSFT,2020-03-18,2020-03-20,1107.0,887.0,143.0,881.0,832.0,0.358111741,MSFT,2020-03-18,136.87,142.33,131.62,134.53,83699170.0,140.4,146.0,135.02,138.0
38.0,MSFT,2020-03-25,2020-03-27,7411.0,2392.0,152.5,626.0,1308.0,0.38920185,MSFT,2020-03-25,143.22,150.45,140.81,145.16,77590529.0,146.92,154.33,144.44,148.91
33.0,MSFT,2020-04-01,2020-04-03,20342.0,4824.0,155.0,4947.0,9447.0,0.345514524,MSFT,2020-04-01,148.28,153.78,147.02,149.15,59466192.0,152.11,157.75,150.82,153.0
35.0,MSFT,2020-04-08,2020-04-09,3017.0,7274.0,160.0,5668.0,8832.0,0.799144571,MSFT,2020-04-08,160.98,162.48,159.39,161.5,49565363.0,165.13,166.67,163.5,165.67
39.0,MSFT,2020-04-15,2020-04-17,19877.0,9299.0,172.5,2739.0,6207.0,0.498899753,MSFT,2020-04-15,167.56,169.2,164.98,167.26,41997530.0,171.88,173.57,169.24,171.58
59.0,MSFT,2020-04-22,2020-04-24,13037.0,6300.0,172.5,3228.0,3599.0,0.580867951,MSFT,2020-04-22,169.15,169.62,166.52,167.08,35546007.0,173.52,174.0,170.82,171.39
61.0,MSFT,2020-04-29,2020-05-01,17246.0,9765.0,177.5,1001.0,1934.0,0.504663327,MSFT,2020-04-29,172.97,173.21,167.56,168.86,52610281.0,177.43,177.68,171.88,173.22
21.0,MSFT,2020-05-06,2020-05-08,1381.0,5975.0,177.5,4468.0,4108.0,0.830083558,MSFT,2020-05-06,177.95,179.56,177.06,177.5,32968865.0,182.54,184.2,181.63,182.08
25.0,MSFT,2020-05-13,2020-05-15,12544.0,5293.0,182.5,7433.0,6795.0,0.234887125,MSFT,2020-05-13,175.23,179.42,172.1,177.96,45865476.0,179.75,184.05,176.54,182.55
24.0,MSFT,2020-05-20,2020-05-22,12747.0,9496.0,185.0,5643.0,4491.0,0.543363587,MSFT,2020-05-20,181.49,181.68,179.81,180.66,31979136.0,185.66,185.85,183.94,184.81
16.0,MSFT,2020-05-27,2020-05-29,4747.0,937.0,177.5,7963.0,14559.0,0.823722896,MSFT,2020-05-27,177.73,177.9,172.64,176.16,40424510.0,181.81,181.99,176.6,180.2
14.0,MSFT,2020-06-03,2020-06-05,1438.0,2625.0,180.0,8424.0,4102.0,0.882117388,MSFT,2020-06-03,181.2,181.77,179.46,180.67,27938131.0,185.36,185.94,183.58,184.82
19.0,MSFT,2020-06-10,2020-06-12,34802.0,5932.0,197.5,27.0,3132.0,0.523915953,MSFT,2020-06-10,192.42,194.06,186.72,186.84,44879721.0,196.84,198.52,191.01,191.13
39.0,MSFT,2020-06-17,2020-06-19,17901.0,26153.0,195.0,3971.0,10266.0,0.466179418,MSFT,2020-06-17,189.88,191.91,189.34,190.65,26277653.0,194.24,196.32,193.69,195.03
17.0,MSFT,2020-06-24,2020-06-26,2384.0,9149.0,195.0,8053.0,15514.0,0.726323173,MSFT,2020-06-24,193.4,198.69,192.15,197.08,37584250.0,197.84,203.25,196.56,201.6
21.0,MSFT,2020-07-01,2020-07-02,31565.0,10942.0,205.0,757.0,9778.0,0.651695083,MSFT,2020-07-01,200.11,201.72,197.24,198.58,32797402.0,204.7,206.35,201.77,203.14
23.0,MSFT,2020-07-08,2020-07-10,15359.0,8509.0,210.0,4802.0,11668.0,0.672456133,MSFT,2020-07-08,208.05,208.47,204.01,205.36,34371539.0,212.83,213.26,208.69,210.07
33.0,MSFT,2020-07-15,2020-07-17,33281.0,20533.0,210.0,8957.0,7294.0,0.349006576,MSFT,2020-07-15,203.37,206.59,200.43,204.86,32918320.0,208.04,211.33,205.03,209.56
20.0,MSFT,2020-07-22,2020-07-24,6904.0,9313.0,205.0,8631.0,9789.0,0.722099095,MSFT,2020-07-22,207.0,207.54,203.71,204.5,50744680.0,211.75,212.3,208.39,209.2
16.0,MSFT,2020-07-29,2020-07-31,6988.0,6170.0,202.5,6699.0,7115.0,0.66908074,MSFT,2020-07-29,199.48,200.06,197.48,197.95,20083418.0,204.06,204.65,202.01,202.5
17.0,MSFT,2020-08-05,2020-08-07,5648.0,7327.0,210.0,5859.0,5442.0,0.679636798,MSFT,2020-08-05,208.16,210.17,206.82,210.08,29521270.0,212.94,215.0,211.57,214.9
14.0,MSFT,2020-08-12,2020-08-14,5778.0,5975.0,205.0,8760.0,6058.0,0.784861763,MSFT,2020-08-12,204.49,205.56,200.15,200.68,28685198.0,209.19,210.28,204.75,205.29
34.0,MSFT,2020-08-19,2020-08-21,18997.0,18025.0,210.0,9461.0,11784.0,0.520675136,MSFT,2020-08-19,205.49,207.84,205.05,207.24,28193741.0,209.7,212.1,209.25,211.49
38.0,MSFT,2020-08-26,2020-08-28,74237.0,22665.0,220.0,707.0,8549.0,0.555954758,MSFT,2020-08-26,216.71,217.63,212.99,213.5,40412447.0,221.15,222.09,217.36,217.88
43.0,MSFT,2020-09-02,2020-09-04,52367.0,10226.0,232.5,187.0,2126.0,0.483236874,MSFT,2020-09-02,227.0,228.18,222.78,223.39,34779314.0,231.65,232.86,227.35,227.97
20.0,MSFT,2020-09-09,2020-09-11,31464.0,7751.0,210.0,4686.0,10694.0,0.601958586,MSFT,2020-09-09,207.05,210.52,202.55,203.43,46615129.0,211.29,214.84,206.7,207.6
33.0,MSFT,2020-09-16,2020-09-18,7500.0,3947.0,207.5,3630.0,6348.0,0.402060938,MSFT,2020-09-16,200.93,206.42,200.53,206.39,26912916.0,205.05,210.65,204.64,210.62
16.0,MSFT,2020-09-23,2020-09-25,17421.0,6340.0,207.5,2917.0,904.0,0.182797098,MSFT,2020-09-23,196.56,203.92,196.01,203.72,31435050.0,200.59,208.1,200.03,207.9
19.0,MSFT,2020-09-30,2020-10-02,2256.0,5311.0,205.0,5302.0,8042.0,0.792234733,MSFT,2020-09-30,206.11,207.72,202.39,203.56,34522353.0,210.33,211.98,206.54,207.73
22.0,MSFT,2020-10-07,2020-10-09,7788.0,4141.0,207.5,4059.0,5571.0,0.675654612,MSFT,2020-10-07,205.62,205.89,202.57,202.9,26207345.0,209.83,210.11,206.72,207.06
36.0,MSFT,2020-10-14,2020-10-16,21713.0,7654.0,222.5,3377.0,3350.0,0.422485666,MSFT,2020-10-14,216.42,219.72,214.73,218.52,23932363.0,220.86,224.22,219.13,223.0
25.0,MSFT,2020-10-21,2020-10-23,16677.0,6091.0,215.0,5474.0,9752.0,0.545082622,MSFT,2020-10-21,210.49,212.56,208.84,208.84,23190658.0,214.8,216.92,213.12,213.12
20.0,MSFT,2020-10-28,2020-10-30,1992.0,751.0,202.5,9584.0,14034.0,0.636071206,MSFT,2020-10-28,198.61,204.65,198.04,203.5,52244774.0,202.68,208.84,202.1,207.67
21.0,MSFT,2020-11-04,2020-11-06,10304.0,7758.0,217.5,2372.0,4921.0,0.446125815,MSFT,2020-11-04,212.04,213.94,208.15,209.72,43178908.0,216.39,218.32,212.42,214.02
15.0,MSFT,2020-11-11,2020-11-13,2278.0,5849.0,210.0,6120.0,5817.0,0.869568332,MSFT,2020-11-11,212.2,213.66,207.94,208.12,30044106.0,216.55,218.04,212.2,212.39
28.0,MSFT,2020-11-18,2020-11-20,13259.0,6440.0,212.5,6129.0,6345.0,0.462652797,MSFT,2020-11-18,207.38,211.4,207.24,209.91,28878609.0,211.08,215.17,210.93,213.65
16.0,MSFT,2020-11-25,2020-11-27,6973.0,8398.0,212.5,2583.0,4043.0,0.777372045,MSFT,2020-11-25,210.12,211.52,208.74,211.34,21387476.0,213.87,215.29,212.46,215.11
17.0,MSFT,2020-12-02,2020-12-04,14106.0,8390.0,215.0,3978.0,4256.0,0.500822521,MSFT,2020-12-02,211.6,211.7,209.07,211.12,24147532.0,215.37,215.47,212.8,214.88
17.0,MSFT,2020-12-09,2020-12-11,38729.0,10056.0,215.0,5244.0,3320.0,0.248643375,MSFT,2020-12-09,208.09,211.46,207.51,211.39,33019041.0,211.8,215.22,211.21,215.16
35.0,MSFT,2020-12-16,2020-12-18,47611.0,31574.0,220.0,6661.0,7009.0,0.476989839,MSFT,2020-12-16,215.44,216.25,210.96,210.99,35647700.0,219.28,220.11,214.72,214.75
18.0,MSFT,2020-12-23,2020-12-24,16399.0,7299.0,222.5,3695.0,4371.0,0.465025495,MSFT,2020-12-23,217.15,219.64,216.93,219.2,19033026.0,221.02,223.56,220.8,223.11
14.0,MSFT,2020-12-30,2020-12-31,19599.0,5209.0,222.5,3520.0,7103.0,0.425910346,MSFT,2020-12-30,217.8,221.68,217.59,221.28,20633772.0,221.68,225.63,221.47,225.23
13.0,MSFT,2021-01-06,2021-01-08,851.0,739.0,210.0,7083.0,9119.0,0.706233219,MSFT,2021-01-06,208.53,212.7,208.23,208.45,36571274.0,212.25,216.49,211.94,212.17
39.0,MSFT,2021-01-13,2021-01-15,22098.0,56898.0,215.0,63420.0,16578.0,0.678758002,MSFT,2021-01-13,212.55,212.96,210.18,210.27,20445172.0,216.34,216.76,213.93,214.02
19.0,MSFT,2021-01-20,2021-01-22,49947.0,8045.0,225.0,314.0,4527.0,0.53103455,MSFT,2021-01-20,220.41,221.83,213.48,213.89,38450799.0,224.34,225.79,217.29,217.7
25.0,MSFT,2021-01-27,2021-01-29,59361.0,19910.0,240.0,709.0,4615.0,0.175873868,MSFT,2021-01-27,228.82,236.23,226.11,233.83,71116463.0,232.9,240.44,230.14,238.0
25.0,MSFT,2021-02-03,2021-02-05,33421.0,15273.0,245.0,594.0,3735.0,0.423613192,MSFT,2021-02-03,238.74,240.8,235.07,235.37,27642353.0,243.0,245.09,239.26,239.57
24.0,MSFT,2021-02-10,2021-02-12,10088.0,5795.0,242.5,2118.0,3357.0,0.525094607,MSFT,2021-02-10,238.57,241.61,236.67,240.71,22582313.0,242.82,245.92,240.89,245.0
36.0,MSFT,2021-02-17,2021-02-19,5817.0,7349.0,242.5,4155.0,2829.0,0.638466187,MSFT,2021-02-17,240.47,240.58,237.26,237.64,22008866.0,244.2,244.31,240.94,241.32
28.0,MSFT,2021-02-24,2021-02-26,12984.0,8858.0,235.0,4909.0,1890.0,0.467231964,MSFT,2021-02-24,230.97,231.61,225.51,226.5,26747753.0,234.55,235.2,229.0,230.01
25.0,MSFT,2021-03-03,2021-03-05,8074.0,2146.0,230.0,9212.0,2655.0,0.370191178,MSFT,2021-03-03,224.09,230.02,223.79,228.61,34556687.0,227.56,233.58,227.26,232.15
26.0,MSFT,2021-03-10,2021-03-12,12093.0,8615.0,235.0,1849.0,3387.0,0.323976658,MSFT,2021-03-10,228.87,233.38,228.5,233.38,30207646.0,232.42,237.0,232.04,237.0
41.0,MSFT,2021-03-17,2021-03-19,14896.0,7975.0,237.5,2521.0,2637.0,0.4366946,MSFT,2021-03-17,233.42,234.91,229.67,232.55,30020075.0,237.04,238.55,233.23,236.15
31.0,MSFT,2021-03-24,2021-03-26,12559.0,6005.0,237.5,4081.0,4203.0,0.368585234,MSFT,2021-03-24,231.87,234.37,231.73,234.22,26017007.0,235.46,238.0,235.32,237.85
32.0,MSFT,2021-03-31,2021-04-01,37289.0,6234.0,237.5,1808.0,7394.0,0.412990618,MSFT,2021-03-31,232.17,235.45,228.84,229.36,44299207.0,235.77,239.1,232.39,232.91
35.0,MSFT,2021-04-07,2021-04-09,1854.0,5418.0,245.0,5818.0,7211.0,0.866537644,MSFT,2021-04-07,246.09,247.1,243.42,244.03,23071776.0,249.9,250.93,247.19,247.81
38.0,MSFT,2021-04-14,2021-04-16,1795.0,9089.0,252.5,5592.0,2850.0,0.768230246,MSFT,2021-04-14,251.69,254.88,251.27,253.55,23428314.0,255.59,258.83,255.16,257.48
40.0,MSFT,2021-04-21,2021-04-23,20216.0,7574.0,260.0,3693.0,6593.0,0.530152422,MSFT,2021-04-21,256.6,256.7,253.33,254.99,24402582.0,260.58,260.68,257.25,258.94
37.0,MSFT,2021-04-28,2021-04-30,38590.0,3886.0,255.0,7465.0,12908.0,0.481555399,MSFT,2021-04-28,250.68,252.63,249.09,252.17,47629724.0,254.56,256.54,252.95,256.08
32.0,MSFT,2021-05-05,2021-05-07,996.0,2029.0,245.0,6730.0,8762.0,0.672422698,MSFT,2021-05-05,242.71,245.69,242.07,245.26,22240598.0,246.47,249.5,245.82,249.06
30.0,MSFT,2021-05-12,2021-05-14,6845.0,914.0,242.5,4377.0,2771.0,0.30541101,MSFT,2021-05-12,235.35,240.65,234.44,238.47,37252611.0,239.0,244.38,238.07,242.16
26.0,MSFT,2021-05-19,2021-05-21,497.0,652.0,237.5,7126.0,3372.0,0.744069642,MSFT,2021-05-19,239.96,240.07,235.5,236.2,26078349.0,243.12,243.23,238.6,239.31
32.0,MSFT,2021-05-26,2021-05-28,8457.0,7767.0,252.5,1545.0,1319.0,0.273890906,MSFT,2021-05-26,248.23,249.66,247.5,248.17,18005341.0,251.49,252.94,250.75,251.43
29.0,MSFT,2021-06-02,2021-06-04,6690.0,2291.0,247.5,3871.0,3432.0,0.428829185,MSFT,2021-06-02,244.09,246.03,242.65,244.91,19661948.0,247.3,249.27,245.84,248.13
32.0,MSFT,2021-06-09,2021-06-11,1549.0,4782.0,250.0,5385.0,6393.0,0.810437929,MSFT,2021-06-09,250.3,252.21,249.92,250.52,18173528.0,253.59,255.53,253.21,253.81
47.0,MSFT,2021-06-16,2021-06-18,39092.0,31961.0,260.0,6714.0,4570.0,0.290461742,MSFT,2021-06-16,254.04,257.2,251.12,256.03,27577915.0,257.38,260.58,254.42,259.4
37.0,MSFT,2021-06-23,2021-06-25,3036.0,6860.0,262.5,3143.0,4243.0,0.786751817,MSFT,2021-06-23,261.83,263.37,261.0,262.54,19775322.0,265.27,266.83,264.43,265.99
40.0,MSFT,2021-06-30,2021-07-02,13265.0,7057.0,270.0,3225.0,4975.0,0.604055583,MSFT,2021-06-30,267.38,267.84,266.1,267.18,21941238.0,270.9,271.36,269.6,270.69
40.0,MSFT,2021-07-07,2021-07-09,26783.0,7764.0,280.0,1358.0,10136.0,0.498316468,MSFT,2021-07-07,276.3,277.05,273.55,275.77,23565928.0,279.93,280.69,277.15,279.4
43.0,MSFT,2021-07-14,2021-07-16,25481.0,8435.0,282.5,1361.0,9483.0,0.587954319,MSFT,2021-07-14,278.84,279.98,276.91,278.68,23417604.0,282.51,283.66,280.55,282.35
42.0,MSFT,2021-07-21,2021-07-23,22738.0,9648.0,280.0,4491.0,6332.0,0.568669112,MSFT,2021-07-21,277.75,277.86,273.69,275.28,24684754.0,281.4,281.52,277.29,278.9
44.0,MSFT,2021-07-28,2021-07-30,37814.0,9127.0,290.0,3001.0,4934.0,0.241501356,MSFT,2021-07-28,282.5,286.38,280.15,285.24,34008294.0,286.22,290.15,283.83,288.99
34.0,MSFT,2021-08-04,2021-08-06,15939.0,8394.0,287.5,2707.0,2725.0,0.438892793,MSFT,2021-08-04,282.79,283.86,280.96,282.5,16404256.0,286.51,287.59,284.65,286.22
30.0,MSFT,2021-08-11,2021-08-13,10981.0,3612.0,287.5,3849.0,2338.0,0.410077552,MSFT,2021-08-11,283.22,284.91,282.15,283.48,14139453.0,286.95,288.66,285.86,287.21
42.0,MSFT,2021-08-18,2021-08-20,9443.0,8891.0,292.5,3040.0,14357.0,0.467909073,MSFT,2021-08-18,287.51,291.55,287.05,288.8,22057573.0,290.73,294.82,290.27,292.04
39.0,MSFT,2021-08-25,2021-08-27,7421.0,5931.0,300.0,7057.0,16569.0,0.71613817,MSFT,2021-08-25,298.66,301.21,297.09,300.92,20230402.0,302.01,304.59,300.42,304.3
34.0,MSFT,2021-09-01,2021-09-03,31105.0,9596.0,305.0,1920.0,2173.0,0.218897964,MSFT,2021-09-01,298.48,301.8,298.15,299.5,19196736.0,301.83,305.19,301.49,302.86
31.0,MSFT,2021-09-08,2021-09-10,18908.0,3742.0,300.0,2478.0,3834.0,0.400146136,MSFT,2021-09-08,296.88,297.28,294.17,296.46,15215574.0,300.21,300.61,297.47,299.78
46.0,MSFT,2021-09-15,2021-09-17,103322.0,17894.0,305.0,3612.0,6591.0,0.525931306,MSFT,2021-09-15,301.44,301.93,298.47,299.9,28674359.0,304.82,305.32,301.82,303.26
34.0,MSFT,2021-09-22,2021-09-24,31541.0,9311.0,300.0,3528.0,3722.0,0.420908316,MSFT,2021-09-22,295.27,296.89,291.24,293.44,26924964.0,298.58,300.22,294.51,296.73
27.0,MSFT,2021-09-29,2021-10-01,7780.0,324.0,285.0,5720.0,4146.0,0.479191669,MSFT,2021-09-29,280.85,283.59,279.87,281.94,26649199.0,284.0,286.77,283.01,285.1
32.0,MSFT,2021-10-06,2021-10-08,24442.0,9058.0,290.0,1838.0,5616.0,0.658404421,MSFT,2021-10-06,289.86,290.37,282.34,282.61,28316598.0,293.11,293.63,285.51,285.78
43.0,MSFT,2021-10-13,2021-10-15,12819.0,10783.0,295.0,9719.0,6823.0,0.601216632,MSFT,2021-10-13,293.02,293.98,290.24,291.64,23686743.0,296.31,297.28,293.49,294.91
40.0,MSFT,2021-10-20,2021-10-22,4956.0,8728.0,305.0,3214.0,7448.0,0.708859675,MSFT,2021-10-20,304.0,306.26,302.71,305.78,16722492.0,307.41,309.7,306.11,309.21
45.0,MSFT,2021-10-27,2021-10-29,16746.0,7099.0,317.5,97.0,11813.0,0.852385487,MSFT,2021-10-27,319.59,322.48,312.5,312.5,53178474.0,323.17,326.1,316.0,316.0
50.0,MSFT,2021-11-03,2021-11-05,7630.0,9669.0,330.0,2875.0,5912.0,0.830303972,MSFT,2021-11-03,330.3,331.18,326.98,330.2,21741164.0,334.0,334.9,330.65,333.9
43.0,MSFT,2021-11-10,2021-11-12,461.0,793.0,327.5,5020.0,3449.0,0.693429085,MSFT,2021-11-10,327.13,330.92,326.26,330.86,25786933.0,330.8,334.63,329.92,334.57
55.0,MSFT,2021-11-17,2021-11-19,3650.0,8652.0,335.0,6109.0,3644.0,0.840006005,MSFT,2021-11-17,335.97,339.01,334.86,335.79,19231831.0,339.12,342.19,338.0,338.94
42.0,MSFT,2021-11-24,2021-11-26,13787.0,3565.0,335.0,8229.0,7907.0,0.734126662,MSFT,2021-11-24,334.77,335.02,330.81,333.16,21864271.0,337.91,338.16,333.91,336.28
27.0,MSFT,2021-12-01,2021-12-03,15528.0,5185.0,335.0,3009.0,15183.0,0.381063006,MSFT,2021-12-01,327.02,336.13,326.33,332.02,33714071.0,330.08,339.28,329.39,335.13
26.0,MSFT,2021-12-08,2021-12-10,20281.0,7135.0,335.0,3812.0,1473.0,0.358149454,MSFT,2021-12-08,331.86,332.38,327.73,332.2,24992914.0,334.97,335.5,330.8,335.31
43.0,MSFT,2021-12-15,2021-12-17,31259.0,10429.0,335.0,4759.0,1067.0,0.377667723,MSFT,2021-12-15,331.54,332.08,321.49,325.56,35712624.0,334.65,335.19,324.5,328.61
29.0,MSFT,2021-12-22,2021-12-23,24136.0,4103.0,332.5,526.0,1332.0,0.427792929,MSFT,2021-12-22,330.11,330.51,322.73,325.25,25064070.0,333.2,333.6,325.75,328.3
30.0,MSFT,2021-12-29,2021-12-31,7059.0,8153.0,340.0,4156.0,13269.0,0.683460694,MSFT,2021-12-29,338.78,341.1,336.53,338.13,15182846.0,341.95,344.3,339.68,341.3
28.0,MSFT,2022-01-05,2022-01-07,13893.0,219.0,322.5,2403.0,3613.0,0.278792549,MSFT,2022-01-05,313.44,323.04,313.05,322.83,40429616.0,316.38,326.07,315.98,325.86
35.0,MSFT,2022-01-12,2022-01-14,25358.0,7693.0,322.5,851.0,1868.0,0.276426174,MSFT,2022-01-12,315.32,320.41,314.14,316.7,34694277.0,318.27,323.41,317.08,319.67
56.0,MSFT,2022-01-19,2022-01-21,20515.0,6009.0,312.5,1820.0,4104.0,0.222275285,MSFT,2022-01-19,300.51,311.0,299.89,303.45,46364210.0,303.33,313.91,302.7,306.29
32.0,MSFT,2022-01-26,2022-01-28,34203.0,9282.0,305.0,1969.0,5215.0,0.196266765,MSFT,2022-01-26,293.96,305.64,290.31,305.12,91276127.0,296.71,308.5,293.03,307.98
38.0,MSFT,2022-02-02,2022-02-04,60964.0,8474.0,315.0,1817.0,2552.0,0.402131842,MSFT,2022-02-02,310.55,312.2,306.01,306.76,36979180.0,313.46,315.12,308.88,309.63
35.0,MSFT,2022-02-09,2022-02-11,22471.0,9662.0,310.0,1906.0,3779.0,0.507294011,MSFT,2022-02-09,308.32,309.03,304.54,306.98,31577738.0,311.21,311.93,307.39,309.86
42.0,MSFT,2022-02-16,2022-02-18,19993.0,9304.0,300.0,9341.0,3326.0,0.512585391,MSFT,2022-02-16,297.33,298.69,291.56,296.2,30200595.0,299.5,300.87,293.68,298.36
27.0,MSFT,2022-02-23,2022-02-25,9143.0,2873.0,290.0,3194.0,2299.0,0.131185221,MSFT,2022-02-23,278.24,289.59,278.07,288.08,38086646.0,280.27,291.7,280.1,290.18
34.0,MSFT,2022-03-02,2022-03-04,13879.0,5845.0,300.0,1958.0,2496.0,0.523327747,MSFT,2022-03-02,298.02,299.29,291.57,293.22,32105275.0,300.19,301.47,293.7,295.36
28.0,MSFT,2022-03-09,2022-03-11,9954.0,3012.0,285.0,2286.0,12599.0,0.670078937,MSFT,2022-03-09,286.41,287.5,278.75,281.39,35460946.0,288.5,289.6,280.78,283.44
58.0,MSFT,2022-03-16,2022-03-18,2923.0,9788.0,285.0,9618.0,6274.0,0.769196533,MSFT,2022-03-16,292.26,292.44,281.15,287.02,38101954.0,294.39,294.57,283.2,289.11
36.0,MSFT,2022-03-23,2022-03-25,10174.0,8977.0,300.0,2902.0,5983.0,0.584663293,MSFT,2022-03-23,297.32,301.04,295.57,298.34,25902694.0,299.49,303.23,297.72,300.51
39.0,MSFT,2022-03-30,2022-04-01,28074.0,7458.0,315.0,1398.0,5176.0,0.394976442,MSFT,2022-03-30,311.59,313.66,309.33,311.49,28368738.0,313.86,315.95,311.58,313.76
33.0,MSFT,2022-04-06,2022-04-08,19638.0,1298.0,305.0,2864.0,3448.0,0.251275786,MSFT,2022-04-06,297.33,304.78,294.56,302.98,40402601.0,299.5,307.0,296.71,305.19
36.0,MSFT,2022-04-13,2022-04-14,17561.0,8069.0,285.0,8872.0,7646.0,0.735485656,MSFT,2022-04-13,285.54,286.49,279.26,280.68,22066740.0,287.62,288.58,281.3,282.73
31.0,MSFT,2022-04-20,2022-04-22,2693.0,5775.0,285.0,2591.0,9980.0,0.643624393,MSFT,2022-04-20,284.29,287.6,283.31,287.31,23073526.0,286.36,289.7,285.37,289.4
36.0,MSFT,2022-04-27,2022-04-29,13123.0,3874.0,287.5,889.0,6908.0,0.382511523,MSFT,2022-04-27,281.17,288.86,277.14,280.06,63940189.0,283.22,290.97,279.16,282.1
42.0,MSFT,2022-05-04,2022-05-06,17432.0,6181.0,290.0,1283.0,524.0,0.46735129,MSFT,2022-05-04,287.88,288.78,274.73,280.55,33844150.0,289.98,290.88,276.73,282.59
25.0,MSFT,2022-05-11,2022-05-13,310.0,87.0,257.5,950.0,1707.0,0.597555235,MSFT,2022-05-11,258.67,269.4,257.42,263.76,49332804.0,260.55,271.36,259.3,265.68
29.0,MSFT,2022-05-18,2022-05-20,9021.0,4027.0,260.0,4587.0,4534.0,0.24972317,MSFT,2022-05-18,252.83,262.3,251.53,261.7,31511011.0,254.08,263.6,252.77,263.0
31.0,MSFT,2022-05-25,2022-05-27,9694.0,2911.0,262.5,803.0,1925.0,0.50361325,MSFT,2022-05-25,261.23,263.28,255.86,256.87,28689113.0,262.52,264.58,257.12,258.14
37.0,MSFT,2022-06-01,2022-06-03,13309.0,4571.0,275.0,711.0,4640.0,0.446448162,MSFT,2022-06-01,271.08,276.32,268.71,273.85,25417208.0,272.42,277.69,270.04,275.2
31.0,MSFT,2022-06-08,2022-06-10,3817.0,3246.0,270.0,4110.0,5814.0,0.546291185,MSFT,2022-06-08,269.08,271.66,268.28,270.37,17458238.0,270.41,273.0,269.61,271.71
40.0,MSFT,2022-06-15,2022-06-17,14170.0,8889.0,255.0,8505.0,3383.0,0.382908886,MSFT,2022-06-15,250.52,254.04,245.21,247.09,33275497.0,251.76,255.3,246.42,248.31
28.0,MSFT,2022-06-22,2022-06-24,6706.0,3297.0,255.0,2030.0,4652.0,0.406846217,MSFT,2022-06-22,251.88,255.9,249.14,250.65,26089623.0,253.13,257.17,250.37,251.89
31.0,MSFT,2022-06-29,2022-07-01,5412.0,5573.0,260.0,3246.0,4877.0,0.509058555,MSFT,2022-06-29,258.98,260.68,254.5,256.32,20169079.0,260.26,261.97,255.76,257.59
31.0,MSFT,2022-07-06,2022-07-08,13156.0,3115.0,267.5,332.0,1476.0,0.459264368,MSFT,2022-07-06,264.9,266.67,261.11,262.45,23942254.0,266.21,267.99,262.4,263.75
31.0,MSFT,2022-07-13,2022-07-15,17023.0,914.0,252.5,2858.0,3947.0,0.487679415,MSFT,2022-07-13,251.48,252.3,246.89,248.96,29643317.0,252.72,253.55,248.11,250.19
30.0,MSFT,2022-07-20,2022-07-22,18771.0,4874.0,262.5,803.0,4685.0,0.503422472,MSFT,2022-07-20,260.98,263.57,257.64,258.62,22900926.0,262.27,264.87,258.91,259.9
34.0,MSFT,2022-07-27,2022-07-29,18838.0,4401.0,267.5,829.0,3084.0,0.601519788,MSFT,2022-07-27,267.42,268.72,257.58,259.88,46221511.0,268.74,270.05,258.85,261.16
40.0,MSFT,2022-08-03,2022-08-05,13216.0,4210.0,282.5,690.0,4634.0,0.530912752,MSFT,2022-08-03,281.08,282.1,275.25,275.4,23635140.0,282.47,283.5,276.61,276.76
36.0,MSFT,2022-08-10,2022-08-12,8937.0,5777.0,287.5,529.0,7443.0,0.624887392,MSFT,2022-08-10,287.74,288.38,285.53,286.75,24809927.0,289.16,289.81,286.94,288.17
45.0,MSFT,2022-08-17,2022-08-19,19785.0,5182.0,292.5,2569.0,4549.0,0.41411345,MSFT,2022-08-17,290.5,292.53,288.66,288.93,18304742.0,291.32,293.35,289.47,289.74
31.0,MSFT,2022-08-24,2022-08-26,4667.0,1949.0,275.0,6931.0,7249.0,0.618866463,MSFT,2022-08-24,275.02,276.45,274.34,274.64,18188110.0,275.79,277.23,275.11,275.41
29.0,MSFT,2022-08-31,2022-09-02,8709.0,1476.0,265.0,3484.0,3374.0,0.404902173,MSFT,2022-08-31,260.74,266.36,260.6,264.64,24861668.0,261.47,267.11,261.33,265.39
27.0,MSFT,2022-09-07,2022-09-09,14577.0,2113.0,257.5,3408.0,2618.0,0.579686682,MSFT,2022-09-07,257.36,258.1,252.51,253.98,24194694.0,258.09,258.83,253.22,254.7
42.0,MSFT,2022-09-14,2022-09-16,6988.0,2020.0,252.5,3528.0,5716.0,0.488454763,MSFT,2022-09-14,251.51,253.52,249.16,252.82,23980291.0,252.22,254.23,249.86,253.53
25.0,MSFT,2022-09-21,2022-09-23,14576.0,4615.0,245.0,3202.0,4199.0,0.252227078,MSFT,2022-09-21,238.28,246.96,238.23,243.58,28706168.0,238.95,247.66,238.9,244.27
23.0,MSFT,2022-09-28,2022-09-30,16864.0,6264.0,240.0,6234.0,4560.0,0.600920399,MSFT,2022-09-28,240.39,241.65,234.07,236.14,29111415.0,241.07,242.33,234.73,236.81
30.0,MSFT,2022-10-05,2022-10-07,12635.0,6964.0,250.0,1564.0,2066.0,0.530181116,MSFT,2022-10-05,248.5,249.88,243.41,245.3,20404440.0,249.2,250.58,244.1,245.99
17.0,MSFT,2022-10-12,2022-10-14,7053.0,1929.0,227.5,3402.0,5508.0,0.474190591,MSFT,2022-10-12,225.12,227.22,223.33,224.77,21965627.0,225.75,227.86,223.96,225.4
32.0,MSFT,2022-10-19,2022-10-21,7654.0,3620.0,237.5,3520.0,8124.0,0.408646629,MSFT,2022-10-19,235.82,238.94,233.63,236.37,20041925.0,236.48,239.61,234.29,237.04
26.0,MSFT,2022-10-26,2022-10-28,46324.0,1798.0,235.0,7561.0,17953.0,0.395737028,MSFT,2022-10-26,230.67,237.63,229.41,230.52,82917833.0,231.32,238.3,230.06,231.17
20.0,MSFT,2022-11-02,2022-11-04,4833.0,900.0,225.0,5935.0,7842.0,0.336025387,MSFT,2022-11-02,219.48,230.65,219.42,228.82,38515231.0,220.1,231.3,220.04,229.46
23.0,MSFT,2022-11-09,2022-11-11,2259.0,9082.0,225.0,8124.0,9205.0,0.506468219,MSFT,2022-11-09,223.88,227.99,223.7,226.73,27931390.0,224.51,228.63,224.33,227.37
33.0,MSFT,2022-11-16,2022-11-18,11495.0,5628.0,242.5,4371.0,4737.0,0.497685873,MSFT,2022-11-16,241.73,243.8,240.42,242.79,24093200.0,241.73,243.8,240.42,242.79
30.0,MSFT,2022-11-23,2022-11-25,26687.0,7438.0,247.5,641.0,4090.0,0.484101013,MSFT,2022-11-23,247.58,248.28,244.27,245.1,19486041.0,247.58,248.28,244.27,245.1
32.0,MSFT,2022-11-30,2022-12-02,11678.0,4723.0,255.0,607.0,513.0,0.336321013,MSFT,2022-11-30,255.14,255.33,239.86,240.57,47540922.0,255.14,255.33,239.86,240.57
27.0,MSFT,2022-12-07,2022-12-09,6959.0,3781.0,245.0,3759.0,4383.0,0.488082634,MSFT,2022-12-07,244.37,246.16,242.21,244.83,20469955.0,244.37,246.16,242.21,244.83
