index,ticker,tradeDate,expiration_date,call_volume,call_open_interest,strike_price,put_open_interest,put_volume,delta,Ticker,W_Trade_date,W_Close,W_High,W_Low,W_Open,W_Vol,W_Unadj_Cls,W_Unadj_Hig,W_Unadj_Low,W_Unadj_Open
49.0,BABA,1/12/2022,1/14/2022,6455.0,801.0,138.0,49.0,2779.0,0.462330565,BABA,1/12/2022,137.41,138.7,135.58,136.02,25961000.0,137.41,138.7,135.58,136.02
49.0,BABA,1/15/2020,1/17/2020,7334.0,4595.0,227.5,2184.0,779.0,0.296532268,BABA,1/15/2020,225.06,227.82,224.39,226.17,10743300.0,225.06,227.82,224.39,226.17
71.0,BABA,1/16/2019,1/18/2019,3221.0,5515.0,152.5,948.0,4989.0,0.679204089,BABA,1/16/2019,154.84,155.39,151.5,152.81,14810700.0,154.84,155.39,151.5,152.81
36.0,BABA,1/19/2022,1/21/2022,1265.0,800.0,128.0,1535.0,1715.0,0.525764786,BABA,1/19/2022,127.74,130.86,127.13,128.1,14639801.0,127.74,130.86,127.13,128.1
22.0,BABA,1/2/2019,1/4/2019,1540.0,955.0,137.0,656.0,561.0,0.445134812,BABA,1/2/2019,136.7,137.75,133.03,134.13,16708300.0,136.7,137.75,133.03,134.13
89.0,BABA,1/20/2021,1/22/2021,10078.0,655.0,267.5,42.0,2591.0,0.460073633,BABA,1/20/2021,265.49,269.0,262.7,267.5,44621925.0,265.49,269.0,262.7,267.5
28.0,BABA,1/22/2020,1/24/2020,11142.0,6532.0,225.0,2457.0,1547.0,0.298599357,BABA,1/22/2020,222.37,225.58,222.0,224.69,10059500.0,222.37,225.58,222.0,224.69
37.0,BABA,1/23/2019,1/25/2019,9508.0,4898.0,155.0,2383.0,574.0,0.242121093,BABA,1/23/2019,152.03,155.18,150.95,154.65,10195700.0,152.03,155.18,150.95,154.65
29.0,BABA,1/26/2022,1/28/2022,1834.0,528.0,119.0,919.0,341.0,0.215388266,BABA,1/26/2022,113.37,120.93,112.96,120.93,27385201.0,113.37,120.93,112.96,120.93
59.0,BABA,1/27/2021,1/29/2021,3402.0,5196.0,265.0,1554.0,461.0,0.336874895,BABA,1/27/2021,260.25,265.92,259.95,265.13,15994600.0,260.25,265.92,259.95,265.13
22.0,BABA,1/29/2020,1/31/2020,3058.0,4307.0,210.0,5208.0,7635.0,0.682038498,BABA,1/29/2020,212.02,213.98,209.52,212.56,12896200.0,212.02,213.98,209.52,212.56
45.0,BABA,1/30/2019,2/1/2019,11847.0,6562.0,165.0,307.0,5491.0,0.585446474,BABA,1/30/2019,166.82,167.84,160.5,161.29,36997700.0,166.82,167.84,160.5,161.29
36.0,BABA,1/5/2022,1/7/2022,30638.0,7502.0,125.0,479.0,3997.0,0.281256456,BABA,1/5/2022,121.16,126.62,117.7,118.0,36585301.0,121.16,126.62,117.7,118.0
52.0,BABA,1/6/2021,1/8/2021,7851.0,5730.0,235.0,3550.0,5344.0,0.264213971,BABA,1/6/2021,227.61,238.3,225.86,234.95,37089691.0,227.61,238.3,225.86,234.95
25.0,BABA,1/8/2020,1/10/2020,7813.0,3568.0,220.0,2635.0,2155.0,0.428413243,BABA,1/8/2020,218.0,220.65,216.32,216.6,11983000.0,218.0,220.65,216.32,216.6
38.0,BABA,1/9/2019,1/11/2019,6546.0,7347.0,150.0,246.0,7213.0,0.647466531,BABA,1/9/2019,151.92,153.35,148.5,149.89,20214000.0,151.92,153.35,148.5,149.89
15.0,BABA,10/12/2022,10/14/2022,1065.0,431.0,76.0,1309.0,333.0,0.518565903,BABA,10/12/2022,75.73,76.68,74.03,74.9,13231881.0,75.73,76.68,74.03,74.9
86.0,BABA,10/13/2021,10/15/2021,13489.0,4931.0,167.5,1538.0,4005.0,0.50871795,BABA,10/13/2021,167.4,168.27,163.6,164.38,18562488.0,167.4,168.27,163.6,164.38
54.0,BABA,10/14/2020,10/16/2020,6283.0,7808.0,305.0,2175.0,6412.0,0.40749002,BABA,10/14/2020,301.04,309.96,300.8,309.0,15178056.0,301.04,309.96,300.8,309.0
38.0,BABA,10/16/2019,10/18/2019,4977.0,15566.0,175.0,11258.0,3716.0,0.697241793,BABA,10/16/2019,177.12,177.35,174.12,175.8,10903800.0,177.12,177.35,174.12,175.8
24.0,BABA,10/19/2022,10/21/2022,1764.0,97.0,72.0,640.0,2655.0,0.431615518,BABA,10/19/2022,71.27,74.33,70.52,73.28,23024965.0,71.27,74.33,70.52,73.28
20.0,BABA,10/2/2019,10/4/2019,3161.0,1960.0,165.0,5816.0,3928.0,0.613526082,BABA,10/2/2019,165.77,166.88,161.9,162.82,11595400.0,165.77,166.88,161.9,162.82
68.0,BABA,10/20/2021,10/22/2021,46959.0,11609.0,180.0,784.0,3354.0,0.366147257,BABA,10/20/2021,177.18,182.09,176.13,180.95,33682688.0,177.18,182.09,176.13,180.95
50.0,BABA,10/21/2020,10/23/2020,8590.0,6160.0,310.0,859.0,1559.0,0.428353474,BABA,10/21/2020,307.97,314.0,307.7,311.75,11121331.0,307.97,314.0,307.7,311.75
20.0,BABA,10/23/2019,10/25/2019,4018.0,4324.0,170.0,5400.0,5093.0,0.480294873,BABA,10/23/2019,169.92,171.04,168.12,170.45,8906700.0,169.92,171.04,168.12,170.45
24.0,BABA,10/26/2022,10/28/2022,12533.0,1800.0,69.0,997.0,3442.0,0.469585625,BABA,10/26/2022,68.51,69.8,62.92,63.36,52913141.0,68.51,69.8,62.92,63.36
60.0,BABA,10/27/2021,10/29/2021,6011.0,7444.0,170.0,4816.0,3162.0,0.471775066,BABA,10/27/2021,169.23,172.45,167.34,167.53,11793571.0,169.23,172.45,167.34,167.53
50.0,BABA,10/28/2020,10/30/2020,2135.0,1624.0,312.5,854.0,474.0,0.393783728,BABA,10/28/2020,307.94,313.5,306.0,313.5,13639767.0,307.94,313.5,306.0,313.5
18.0,BABA,10/30/2019,11/1/2019,3084.0,6241.0,175.0,2320.0,1187.0,0.59797197,BABA,10/30/2019,177.53,177.88,173.94,175.42,10213200.0,177.53,177.88,173.94,175.42
28.0,BABA,10/5/2022,10/7/2022,8369.0,8069.0,85.0,725.0,983.0,0.470664184,BABA,10/5/2022,84.39,86.29,83.25,84.1,13176354.0,84.39,86.29,83.25,84.1
63.0,BABA,10/6/2021,10/8/2021,1546.0,1138.0,144.0,694.0,727.0,0.487190557,BABA,10/6/2021,144.1,144.89,139.96,140.56,14855769.0,144.1,144.89,139.96,140.56
43.0,BABA,10/7/2020,10/9/2020,5478.0,5319.0,295.0,1389.0,5995.0,0.659650761,BABA,10/7/2020,296.5,299.51,292.87,297.99,16662916.0,296.5,299.51,292.87,297.99
18.0,BABA,10/9/2019,10/11/2019,3626.0,4605.0,165.0,5583.0,3197.0,0.56436085,BABA,10/9/2019,165.19,166.58,163.42,165.5,11189300.0,165.19,166.58,163.42,165.5
57.0,BABA,11/10/2021,11/12/2021,13910.0,7677.0,165.0,1752.0,4825.0,0.424158513,BABA,11/10/2021,163.97,166.48,161.82,163.68,17196931.0,163.97,166.48,161.82,163.68
27.0,BABA,11/11/2020,11/13/2020,3875.0,928.0,265.0,5184.0,6533.0,0.526477656,BABA,11/11/2020,265.65,271.92,261.2,261.92,41661819.0,265.65,271.92,261.2,261.92
28.0,BABA,11/13/2019,11/15/2019,17062.0,4110.0,182.5,3681.0,3443.0,0.483657614,BABA,11/13/2019,182.48,185.67,181.0,185.47,15424100.0,182.48,185.67,181.0,185.47
49.0,BABA,11/16/2022,11/18/2022,7678.0,17521.0,80.0,5835.0,1605.0,0.4271173,BABA,11/16/2022,78.16,80.45,77.41,80.32,26370729.0,78.16,80.45,77.41,80.32
47.0,BABA,11/17/2021,11/19/2021,5002.0,3448.0,167.5,2033.0,437.0,0.316748863,BABA,11/17/2021,161.58,168.3,161.13,168.02,18781799.0,161.58,168.3,161.13,168.02
39.0,BABA,11/18/2020,11/20/2020,9266.0,1535.0,255.0,8856.0,3700.0,0.561946065,BABA,11/18/2020,255.83,258.31,252.55,257.76,28292687.0,255.83,258.31,252.55,257.76
22.0,BABA,11/2/2022,11/4/2022,5490.0,3688.0,67.0,2056.0,2075.0,0.28453366,BABA,11/2/2022,64.7,67.67,64.33,66.48,28137332.0,64.7,67.67,64.33,66.48
23.0,BABA,11/20/2019,11/22/2019,3893.0,3925.0,182.5,5570.0,5191.0,0.489653238,BABA,11/20/2019,182.35,183.7,181.06,183.67,16694300.0,182.35,183.7,181.06,183.67
40.0,BABA,11/23/2022,11/25/2022,4574.0,2897.0,78.0,1945.0,1261.0,0.602314977,BABA,11/23/2022,78.5,78.85,76.85,78.19,19006631.0,78.5,78.85,76.85,78.19
37.0,BABA,11/24/2021,11/26/2021,8803.0,2458.0,135.0,2286.0,2002.0,0.672865683,BABA,11/24/2021,136.52,136.76,131.22,133.1,19970727.0,136.52,136.76,131.22,133.1
37.0,BABA,11/25/2020,11/27/2020,7149.0,3968.0,275.0,1803.0,3805.0,0.646790178,BABA,11/25/2020,277.72,279.33,274.05,275.7,15218336.0,277.72,279.33,274.05,275.7
30.0,BABA,11/27/2019,11/29/2019,51468.0,5567.0,200.0,101.0,8039.0,0.501994365,BABA,11/27/2019,200.82,200.98,197.0,197.24,33129300.0,200.82,200.98,197.0,197.24
46.0,BABA,11/3/2021,11/5/2021,6774.0,6696.0,165.0,4766.0,1714.0,0.60167777,BABA,11/3/2021,166.24,166.65,163.11,165.36,13552799.0,166.24,166.65,163.11,165.36
44.0,BABA,11/30/2022,12/2/2022,4922.0,1337.0,89.0,28.0,710.0,0.396940349,BABA,11/30/2022,87.56,89.63,82.25,82.74,60037590.0,87.56,89.63,82.25,82.74
40.0,BABA,11/4/2020,11/6/2020,2798.0,896.0,292.5,939.0,1047.0,0.632143235,BABA,11/4/2020,295.71,299.17,285.3,287.79,28765956.0,295.71,299.17,285.3,287.79
22.0,BABA,11/6/2019,11/8/2019,17821.0,8931.0,185.0,2585.0,4442.0,0.37771028,BABA,11/6/2019,184.16,185.0,182.2,183.61,14834800.0,184.16,185.0,182.2,183.61
34.0,BABA,11/9/2022,11/11/2022,558.0,1744.0,65.0,4185.0,2897.0,0.526780756,BABA,11/9/2022,69.41,66.78,64.8,66.43,22099301.0,69.41,66.78,64.8,66.43
18.0,BABA,12/1/2021,12/3/2021,2468.0,1459.0,129.0,862.0,376.0,0.12450898,BABA,12/1/2021,122.49,129.15,121.9,128.37,29228686.0,122.49,129.15,121.9,128.37
26.0,BABA,12/11/2019,12/13/2019,7306.0,4755.0,202.5,4066.0,6046.0,0.627844752,BABA,12/11/2019,204.64,204.8,200.72,201.1,11770900.0,204.64,204.8,200.72,201.1
23.0,BABA,12/15/2021,12/17/2021,2626.0,737.0,121.0,994.0,450.0,0.583704544,BABA,12/15/2021,122.47,123.59,117.77,122.63,24744199.0,122.47,123.59,117.77,122.63
39.0,BABA,12/16/2020,12/18/2020,12174.0,4553.0,262.5,2320.0,1518.0,0.508433166,BABA,12/16/2020,261.89,263.18,257.04,257.74,15797434.0,261.89,263.18,257.04,257.74
37.0,BABA,12/18/2019,12/20/2019,14910.0,16672.0,210.0,818.0,1120.0,0.473897672,BABA,12/18/2019,210.0,210.05,208.04,208.53,13497200.0,210.0,210.05,208.04,208.53
32.0,BABA,12/2/2020,12/4/2020,4815.0,1637.0,262.5,2328.0,1120.0,0.442469952,BABA,12/2/2020,261.32,263.1,260.11,262.0,13892717.0,261.32,263.1,260.11,262.0
24.0,BABA,12/22/2021,12/23/2021,7803.0,553.0,118.0,574.0,2035.0,0.466037435,BABA,12/22/2021,117.81,118.66,115.15,117.09,24440398.0,117.81,118.66,115.15,117.09
31.0,BABA,12/23/2020,12/24/2020,8461.0,3975.0,255.0,3281.0,4342.0,0.675452942,BABA,12/23/2020,256.18,257.35,252.53,255.5,10356887.0,256.18,257.35,252.53,255.5
17.0,BABA,12/29/2021,12/31/2021,3464.0,82.0,111.0,827.0,1916.0,0.594613585,BABA,12/29/2021,112.09,114.2,110.38,113.8,21045891.0,112.09,114.2,110.38,113.8
45.0,BABA,12/30/2020,12/31/2020,21807.0,3731.0,242.5,773.0,531.0,0.237122904,BABA,12/30/2020,238.39,243.39,234.65,243.35,44777003.0,238.39,243.39,234.65,243.35
23.0,BABA,12/4/2019,12/6/2019,7381.0,4231.0,195.0,5839.0,2873.0,0.41851295,BABA,12/4/2019,193.74,196.66,193.23,195.53,14862500.0,193.74,196.66,193.23,195.53
41.0,BABA,12/7/2022,12/9/2022,3455.0,1973.0,88.0,3480.0,2530.0,0.599080219,BABA,12/7/2022,88.33,89.26,86.62,87.06,19477021.0,88.33,89.26,86.62,87.06
40.0,BABA,12/8/2021,12/10/2021,4111.0,3064.0,125.0,2137.0,2491.0,0.499296384,BABA,12/8/2021,125.08,126.97,121.32,123.21,22247100.0,125.08,126.97,121.32,123.21
35.0,BABA,12/9/2020,12/11/2020,4492.0,4626.0,265.0,2500.0,697.0,0.45090456,BABA,12/9/2020,263.8,267.91,263.1,267.56,9050814.0,263.8,267.91,263.1,267.56
43.0,BABA,2/10/2021,2/12/2021,12693.0,9512.0,270.0,4038.0,749.0,0.352447108,BABA,2/10/2021,267.79,270.4,264.6,268.7,13069816.0,267.79,270.4,264.6,268.7
21.0,BABA,2/12/2020,2/14/2020,13631.0,6695.0,225.0,1120.0,2886.0,0.514771433,BABA,2/12/2020,224.31,225.52,220.21,221.13,18671900.0,224.31,225.52,220.21,221.13
61.0,BABA,2/13/2019,2/15/2019,6587.0,20582.0,170.0,6356.0,2374.0,0.466748231,BABA,2/13/2019,169.4,171.05,168.99,169.91,8661800.0,169.4,171.05,168.99,169.91
34.0,BABA,2/16/2022,2/18/2022,1993.0,8260.0,125.0,6494.0,2153.0,0.558639414,BABA,2/16/2022,125.56,127.58,124.51,125.61,17984500.0,125.56,127.58,124.51,125.61
50.0,BABA,2/17/2021,2/19/2021,9158.0,15988.0,270.0,10485.0,1642.0,0.516104118,BABA,2/17/2021,270.83,272.32,267.81,270.89,13238803.0,270.83,272.32,267.81,270.89
39.0,BABA,2/19/2020,2/21/2020,6377.0,5554.0,222.5,1882.0,2126.0,0.507645334,BABA,2/19/2020,222.14,223.56,220.75,221.52,10798100.0,222.14,223.56,220.75,221.52
47.0,BABA,2/2/2022,2/4/2022,906.0,1265.0,126.0,503.0,167.0,0.334418128,BABA,2/2/2022,122.88,127.63,121.17,127.63,13991399.0,122.88,127.63,121.17,127.63
50.0,BABA,2/20/2019,2/22/2019,6391.0,10447.0,172.5,490.0,1570.0,0.345510664,BABA,2/20/2019,170.71,172.68,170.61,171.0,12454900.0,170.71,172.68,170.61,171.0
32.0,BABA,2/23/2022,2/25/2022,4988.0,2852.0,115.0,1441.0,1169.0,0.366425557,BABA,2/23/2022,109.72,115.4,109.6,115.1,24406600.0,109.72,115.4,109.6,115.1
35.0,BABA,2/24/2021,2/26/2021,4446.0,1469.0,250.0,3474.0,1013.0,0.506744443,BABA,2/24/2021,250.34,252.0,248.1,252.0,12819355.0,250.34,252.0,248.1,252.0
18.0,BABA,2/26/2020,2/28/2020,3606.0,2765.0,210.0,5232.0,5470.0,0.46717172,BABA,2/26/2020,208.74,213.08,206.79,206.8,19543100.0,208.74,213.08,206.79,206.8
33.0,BABA,2/27/2019,3/1/2019,4361.0,4862.0,182.5,2253.0,2757.0,0.69754302,BABA,2/27/2019,184.58,184.93,180.88,181.72,16741500.0,184.58,184.93,180.88,181.72
60.0,BABA,2/3/2021,2/5/2021,13704.0,2764.0,267.5,941.0,852.0,0.34690989,BABA,2/3/2021,263.43,268.28,261.25,264.7,29140600.0,263.43,268.28,261.25,264.7
21.0,BABA,2/5/2020,2/7/2020,8882.0,5913.0,225.0,796.0,946.0,0.221709971,BABA,2/5/2020,220.22,226.7,217.54,226.52,15766000.0,220.22,226.7,217.54,226.52
52.0,BABA,2/6/2019,2/8/2019,5053.0,4044.0,172.5,491.0,1487.0,0.420153654,BABA,2/6/2019,171.52,173.09,169.99,171.86,11267800.0,171.52,173.09,169.99,171.86
29.0,BABA,2/9/2022,2/11/2022,6889.0,4011.0,125.0,594.0,1560.0,0.589990293,BABA,2/9/2022,126.5,126.8,121.94,123.09,18231602.0,126.5,126.8,121.94,123.09
27.0,BABA,3/10/2021,3/12/2021,4295.0,3710.0,240.0,1461.0,197.0,0.251614632,BABA,3/10/2021,234.3,241.32,233.64,240.22,10479600.0,234.3,241.32,233.64,240.22
15.0,BABA,3/11/2020,3/13/2020,2000.0,839.0,202.5,982.0,363.0,0.358500134,BABA,3/11/2020,198.91,203.1,196.11,201.65,18931700.0,198.91,203.1,196.11,201.65
48.0,BABA,3/13/2019,3/15/2019,5540.0,7484.0,182.5,1924.0,965.0,0.391845877,BABA,3/13/2019,180.7,182.54,179.26,180.73,8868100.0,180.7,182.54,179.26,180.73
60.0,BABA,3/16/2022,3/18/2022,31887.0,4477.0,105.0,7666.0,766.0,0.49763823,BABA,3/16/2022,104.98,105.74,87.12,92.0,159569609.0,104.98,105.74,87.12,92.0
35.0,BABA,3/17/2021,3/19/2021,33103.0,9910.0,235.0,7979.0,1944.0,0.434196823,BABA,3/17/2021,233.34,235.63,225.81,226.5,16943242.0,233.34,235.63,225.81,226.5
20.0,BABA,3/18/2020,3/20/2020,2538.0,2973.0,180.0,11326.0,3719.0,0.419749386,BABA,3/18/2020,180.0,182.41,170.0,176.0,22054200.0,180.0,182.41,170.0,176.0
32.0,BABA,3/2/2022,3/4/2022,1632.0,925.0,107.0,1504.0,720.0,0.456057163,BABA,3/2/2022,105.42,107.39,103.24,107.39,20762801.0,105.42,107.39,103.24,107.39
37.0,BABA,3/20/2019,3/22/2019,2797.0,2017.0,180.0,3725.0,6929.0,0.632921962,BABA,3/20/2019,181.28,181.95,178.43,180.94,15901400.0,181.28,181.95,178.43,180.94
74.0,BABA,3/23/2022,3/25/2022,4083.0,610.0,124.0,62.0,115.0,0.2470397,BABA,3/23/2022,117.24,124.11,112.68,115.7,81494703.0,117.24,124.11,112.68,115.7
27.0,BABA,3/24/2021,3/26/2021,1854.0,378.0,232.5,840.0,1270.0,0.362598118,BABA,3/24/2021,229.59,237.3,229.24,236.83,15935156.0,229.59,237.3,229.24,236.83
28.0,BABA,3/25/2020,3/27/2020,5136.0,3680.0,195.0,1105.0,324.0,0.328572397,BABA,3/25/2020,188.56,195.19,184.52,185.82,19605200.0,188.56,195.19,184.52,185.82
25.0,BABA,3/27/2019,3/29/2019,1033.0,1264.0,177.5,2680.0,2654.0,0.523595958,BABA,3/27/2019,177.03,179.83,176.91,177.7,8370900.0,177.03,179.83,176.91,177.7
25.0,BABA,3/3/2021,3/5/2021,2235.0,739.0,237.5,658.0,893.0,0.458721745,BABA,3/3/2021,236.27,239.61,234.45,237.5,13560498.0,236.27,239.61,234.45,237.5
56.0,BABA,3/30/2022,4/1/2022,19039.0,11735.0,120.0,929.0,318.0,0.279111402,BABA,3/30/2022,116.58,120.1,115.54,115.54,28358799.0,116.58,120.1,115.54,115.54
27.0,BABA,3/31/2021,4/1/2021,1335.0,966.0,227.5,988.0,1049.0,0.476324396,BABA,3/31/2021,226.73,231.52,226.47,229.89,16786500.0,226.73,231.52,226.47,229.89
18.0,BABA,3/4/2020,3/6/2020,3010.0,3381.0,210.0,1943.0,3130.0,0.579955079,BABA,3/4/2020,211.96,212.7,208.85,209.49,12474300.0,211.96,212.7,208.85,209.49
34.0,BABA,3/6/2019,3/8/2019,2266.0,3140.0,185.0,1967.0,1962.0,0.360747534,BABA,3/6/2019,184.17,185.59,183.02,184.38,10009100.0,184.17,185.59,183.02,184.38
24.0,BABA,3/9/2022,3/11/2022,310.0,694.0,99.0,879.0,923.0,0.632434788,BABA,3/9/2022,100.93,100.97,98.32,100.26,20826000.0,100.93,100.97,98.32,100.26
27.0,BABA,4/1/2020,4/3/2020,1206.0,2869.0,192.5,633.0,604.0,0.229184909,BABA,4/1/2020,187.56,192.87,185.04,189.5,17948500.0,187.56,192.87,185.04,189.5
23.0,BABA,4/10/2019,4/12/2019,3816.0,4784.0,185.0,2747.0,7139.0,0.644652231,BABA,4/10/2019,186.19,187.4,184.0,186.69,10655000.0,186.19,187.4,184.0,186.69
30.0,BABA,4/13/2022,4/14/2022,4229.0,686.0,101.0,1696.0,1768.0,0.401963512,BABA,4/13/2022,100.03,101.35,98.21,99.24,18304422.0,100.03,101.35,98.21,99.24
37.0,BABA,4/14/2021,4/16/2021,14065.0,14138.0,245.0,6481.0,1928.0,0.209439316,BABA,4/14/2021,239.23,245.09,238.65,244.37,12396618.0,239.23,245.09,238.65,244.37
38.0,BABA,4/15/2020,4/17/2020,4376.0,4078.0,207.5,470.0,1335.0,0.570698625,BABA,4/15/2020,208.17,209.15,201.31,204.77,10768000.0,208.17,209.15,201.31,204.77
40.0,BABA,4/17/2019,4/18/2019,11543.0,7299.0,187.5,2053.0,2522.0,0.56685713,BABA,4/17/2019,187.55,188.2,185.78,187.34,11614100.0,187.55,188.2,185.78,187.34
21.0,BABA,4/20/2022,4/22/2022,880.0,458.0,90.0,4242.0,3546.0,0.509164178,BABA,4/20/2022,89.41,93.7,89.27,93.48,20897691.0,89.41,93.7,89.27,93.48
28.0,BABA,4/21/2021,4/23/2021,3697.0,399.0,227.5,1917.0,4665.0,0.596012044,BABA,4/21/2021,229.44,229.49,226.07,229.33,14297398.0,229.44,229.49,226.07,229.33
34.0,BABA,4/22/2020,4/24/2020,4865.0,6286.0,210.0,4343.0,1121.0,0.534624314,BABA,4/22/2020,209.96,212.0,209.21,212.0,13486000.0,209.96,212.0,209.21,212.0
24.0,BABA,4/24/2019,4/26/2019,5857.0,7950.0,185.0,2373.0,2746.0,0.533121503,BABA,4/24/2019,185.67,186.9,184.58,186.76,9085200.0,185.67,186.9,184.58,186.76
28.0,BABA,4/27/2022,4/29/2022,7328.0,2817.0,88.0,688.0,1264.0,0.52610171,BABA,4/27/2022,88.32,89.41,84.78,85.32,29286123.0,88.32,89.41,84.78,85.32
32.0,BABA,4/28/2021,4/30/2021,3091.0,3365.0,237.5,1238.0,1413.0,0.493669541,BABA,4/28/2021,236.72,239.22,236.33,237.57,9181030.0,236.72,239.22,236.33,237.57
32.0,BABA,4/29/2020,5/1/2020,5034.0,3719.0,205.0,4020.0,3069.0,0.64641714,BABA,4/29/2020,206.7,207.08,202.51,202.93,19117800.0,206.7,207.08,202.51,202.93
25.0,BABA,4/3/2019,4/5/2019,3715.0,864.0,177.5,3809.0,7884.0,0.610945932,BABA,4/3/2019,178.32,180.7,176.76,179.51,26819000.0,178.32,180.7,176.76,179.51
25.0,BABA,4/6/2022,4/8/2022,1076.0,834.0,108.0,2496.0,2653.0,0.51327051,BABA,4/6/2022,107.68,109.47,106.12,109.24,23230605.0,107.68,109.47,106.12,109.24
35.0,BABA,4/7/2021,4/9/2021,4470.0,4782.0,225.0,2484.0,3652.0,0.538428655,BABA,4/7/2021,225.42,228.19,224.8,226.11,18022258.0,225.42,228.19,224.8,226.11
29.0,BABA,4/8/2020,4/9/2020,4916.0,2900.0,197.5,943.0,1912.0,0.355893044,BABA,4/8/2020,195.98,198.86,193.88,198.34,13607900.0,195.98,198.86,193.88,198.34
20.0,BABA,5/1/2019,5/3/2019,16994.0,9687.0,190.0,426.0,7754.0,0.564408464,BABA,5/1/2019,189.31,193.2,185.88,186.75,17405400.0,189.31,193.2,185.88,186.75
26.0,BABA,5/11/2022,5/13/2022,2215.0,1443.0,87.0,770.0,439.0,0.230696847,BABA,5/11/2022,81.73,87.52,81.47,85.51,24910857.0,81.73,87.52,81.47,85.51
27.0,BABA,5/12/2021,5/14/2021,10153.0,2515.0,225.0,2960.0,473.0,0.343943662,BABA,5/12/2021,219.9,225.29,219.0,224.49,20349877.0,219.9,225.29,219.0,224.49
26.0,BABA,5/13/2020,5/15/2020,2861.0,3199.0,202.5,4173.0,5934.0,0.321177496,BABA,5/13/2020,199.46,204.68,197.98,203.49,22429700.0,199.46,204.68,197.98,203.49
33.0,BABA,5/15/2019,5/17/2019,23438.0,4469.0,177.5,3775.0,8136.0,0.58519793,BABA,5/15/2019,177.6,180.24,173.32,177.06,37610400.0,177.6,180.24,173.32,177.06
43.0,BABA,5/18/2022,5/20/2022,2054.0,1234.0,91.0,898.0,770.0,0.275752495,BABA,5/18/2022,87.31,91.64,87.0,90.0,18954000.0,87.31,91.64,87.0,90.0
29.0,BABA,5/19/2021,5/21/2021,5722.0,3577.0,212.5,1736.0,667.0,0.441740014,BABA,5/19/2021,212.54,212.91,210.12,210.98,17024978.0,212.54,212.91,210.12,210.98
34.0,BABA,5/20/2020,5/22/2020,7686.0,3830.0,215.0,4596.0,18886.0,0.547038418,BABA,5/20/2020,216.79,221.16,210.58,220.0,38324000.0,216.79,221.16,210.58,220.0
20.0,BABA,5/22/2019,5/24/2019,7937.0,2329.0,162.5,1563.0,836.0,0.200245547,BABA,5/22/2019,158.83,162.82,158.07,162.41,25831200.0,158.83,162.82,158.07,162.41
33.0,BABA,5/25/2022,5/27/2022,1455.0,663.0,84.0,760.0,169.0,0.438652423,BABA,5/25/2022,82.31,84.07,81.07,83.72,22915750.0,82.31,84.07,81.07,83.72
34.0,BABA,5/26/2021,5/28/2021,9843.0,3656.0,212.5,2050.0,1623.0,0.446560911,BABA,5/26/2021,211.78,213.75,211.54,212.3,9395063.0,211.78,213.75,211.54,212.3
26.0,BABA,5/27/2020,5/29/2020,4693.0,3022.0,200.0,5406.0,6134.0,0.519780743,BABA,5/27/2020,201.18,202.99,196.75,202.99,23605300.0,201.18,202.99,196.75,202.99
28.0,BABA,5/29/2019,5/31/2019,6037.0,1040.0,152.5,3192.0,1995.0,0.539886016,BABA,5/29/2019,152.48,154.38,150.71,153.58,30073100.0,152.48,154.38,150.71,153.58
48.0,BABA,5/4/2022,5/6/2022,6737.0,2074.0,101.0,539.0,118.0,0.528771819,BABA,5/4/2022,101.41,101.57,96.61,97.72,17660834.0,101.41,101.57,96.61,97.72
28.0,BABA,5/5/2021,5/7/2021,1552.0,873.0,227.5,1991.0,741.0,0.485899147,BABA,5/5/2021,226.78,228.91,226.73,228.0,7237267.0,226.78,228.91,226.73,228.0
27.0,BABA,5/6/2020,5/8/2020,1771.0,2935.0,195.0,3441.0,3780.0,0.508017414,BABA,5/6/2020,195.17,198.91,194.93,197.67,18598800.0,195.17,198.91,194.93,197.67
15.0,BABA,5/8/2019,5/10/2019,7545.0,2348.0,182.5,3132.0,654.0,0.359210716,BABA,5/8/2019,179.59,183.2,178.58,180.95,16611000.0,179.59,183.2,178.58,180.95
44.0,BABA,6/1/2022,6/3/2022,2793.0,2088.0,96.0,384.0,304.0,0.310024851,BABA,6/1/2022,93.38,96.93,91.88,95.9,23699023.0,93.38,96.93,91.88,95.9
36.0,BABA,6/10/2020,6/12/2020,14974.0,5757.0,225.0,58.0,293.0,0.462418362,BABA,6/10/2020,223.68,225.0,220.6,222.0,13372400.0,223.68,225.0,220.6,222.0
40.0,BABA,6/12/2019,6/14/2019,6569.0,7939.0,160.0,2102.0,3760.0,0.506153264,BABA,6/12/2019,160.04,161.7,158.81,160.47,16329200.0,160.04,161.7,158.81,160.47
48.0,BABA,6/15/2022,6/17/2022,2762.0,1344.0,108.0,3582.0,257.0,0.502783753,BABA,6/15/2022,108.03,108.63,104.38,106.81,23932842.0,108.03,108.63,104.38,106.81
41.0,BABA,6/16/2021,6/18/2021,5647.0,6930.0,210.0,15814.0,5554.0,0.508244595,BABA,6/16/2021,209.32,211.62,208.23,209.75,10910749.0,209.32,211.62,208.23,209.75
50.0,BABA,6/17/2020,6/19/2020,9626.0,16112.0,225.0,4511.0,1415.0,0.447439963,BABA,6/17/2020,224.25,225.0,222.5,224.4,12486700.0,224.25,225.0,222.5,224.4
48.0,BABA,6/19/2019,6/21/2019,10276.0,4375.0,167.5,2590.0,1062.0,0.305247644,BABA,6/19/2019,165.46,167.9,163.42,167.77,20798000.0,165.46,167.9,163.42,167.77
29.0,BABA,6/2/2021,6/4/2021,1349.0,1662.0,217.5,2077.0,2190.0,0.666163034,BABA,6/2/2021,219.59,219.94,217.46,219.43,13121983.0,219.59,219.94,217.46,219.43
36.0,BABA,6/22/2022,6/24/2022,1485.0,751.0,104.0,941.0,2230.0,0.584707485,BABA,6/22/2022,105.15,107.1,103.08,104.23,24230203.0,105.15,107.1,103.08,104.23
28.0,BABA,6/23/2021,6/25/2021,16512.0,8052.0,215.0,1965.0,2749.0,0.493935943,BABA,6/23/2021,214.86,216.33,213.13,214.19,13782037.0,214.86,216.33,213.13,214.19
38.0,BABA,6/24/2020,6/26/2020,11736.0,9368.0,230.0,748.0,806.0,0.332516776,BABA,6/24/2020,226.22,231.03,224.25,228.3,12159400.0,226.22,231.03,224.25,228.3
32.0,BABA,6/26/2019,6/28/2019,11786.0,6212.0,170.0,1753.0,2538.0,0.463936692,BABA,6/26/2019,168.99,171.24,168.15,168.28,22416400.0,168.99,171.24,168.15,168.28
49.0,BABA,6/29/2022,7/1/2022,3448.0,583.0,116.0,652.0,605.0,0.515024063,BABA,6/29/2022,116.03,117.09,113.71,115.81,13763397.0,116.03,117.09,113.71,115.81
32.0,BABA,6/3/2020,6/5/2020,4835.0,3808.0,215.0,300.0,4024.0,0.739993309,BABA,6/3/2020,218.61,218.97,213.75,215.6,19999500.0,218.61,218.97,213.75,215.6
34.0,BABA,6/30/2021,7/2/2021,9408.0,3306.0,227.5,930.0,952.0,0.408446597,BABA,6/30/2021,226.78,227.98,225.68,226.99,9342448.0,226.78,227.98,225.68,226.99
32.0,BABA,6/5/2019,6/7/2019,7008.0,6260.0,155.0,1194.0,1328.0,0.185652068,BABA,6/5/2019,151.65,156.11,149.31,155.17,23208500.0,151.65,156.11,149.31,155.17
62.0,BABA,6/8/2022,6/10/2022,7393.0,221.0,121.0,0.0,275.0,0.453782362,BABA,6/8/2022,119.62,121.06,107.81,108.26,92148172.0,119.62,121.06,107.81,108.26
28.0,BABA,6/9/2021,6/11/2021,4986.0,4919.0,215.0,4215.0,3927.0,0.400154864,BABA,6/9/2021,213.32,216.57,213.31,215.21,10215500.0,213.32,216.57,213.31,215.21
30.0,BABA,7/1/2020,7/2/2020,4606.0,4216.0,215.0,5554.0,4512.0,0.62267984,BABA,7/1/2020,215.95,216.55,214.74,215.81,11788000.0,215.95,216.55,214.74,215.81
27.0,BABA,7/10/2019,7/12/2019,16449.0,8989.0,170.0,3965.0,6271.0,0.227429312,BABA,7/10/2019,166.93,171.37,166.86,171.24,16675500.0,166.93,171.37,166.86,171.24
30.0,BABA,7/13/2022,7/15/2022,188.0,401.0,107.0,3840.0,5450.0,0.666592818,BABA,7/13/2022,109.1,110.64,106.75,106.84,16836949.0,109.1,110.64,106.75,106.84
27.0,BABA,7/14/2021,7/16/2021,26577.0,20468.0,215.0,9651.0,2176.0,0.289882691,BABA,7/14/2021,211.5,216.35,211.03,215.5,19475801.0,211.5,216.35,211.03,215.5
45.0,BABA,7/15/2020,7/17/2020,2239.0,1121.0,252.5,463.0,280.0,0.347391538,BABA,7/15/2020,249.21,252.5,246.54,251.48,12614700.0,249.21,252.5,246.54,251.48
28.0,BABA,7/17/2019,7/19/2019,1893.0,3801.0,172.5,3510.0,2098.0,0.735538367,BABA,7/17/2019,174.82,176.22,172.49,172.75,15031500.0,174.82,176.22,172.49,172.75
37.0,BABA,7/20/2022,7/22/2022,6697.0,4508.0,106.0,460.0,126.0,0.345698597,BABA,7/20/2022,103.96,107.16,102.85,106.24,21849971.0,103.96,107.16,102.85,106.24
30.0,BABA,7/21/2021,7/23/2021,3728.0,8841.0,210.0,3427.0,1707.0,0.563304956,BABA,7/21/2021,211.08,211.85,208.42,209.15,7640841.0,211.08,211.85,208.42,209.15
42.0,BABA,7/22/2020,7/24/2020,4795.0,3400.0,255.0,3653.0,1407.0,0.361527898,BABA,7/22/2020,251.7,256.27,249.6,255.76,19682200.0,251.7,256.27,249.6,255.76
29.0,BABA,7/24/2019,7/26/2019,3859.0,5677.0,177.5,1705.0,3508.0,0.624597949,BABA,7/24/2019,178.67,178.96,176.94,178.0,14933100.0,178.67,178.96,176.94,178.0
41.0,BABA,7/27/2022,7/29/2022,6203.0,3647.0,102.0,981.0,520.0,0.576459657,BABA,7/27/2022,102.78,102.97,99.8,102.2,19324373.0,102.78,102.97,99.8,102.2
26.0,BABA,7/28/2021,7/30/2021,23272.0,5509.0,195.0,6489.0,4386.0,0.59422778,BABA,7/28/2021,196.01,198.0,189.76,190.23,34522147.0,196.01,198.0,189.76,190.23
41.0,BABA,7/29/2020,7/31/2020,2701.0,1569.0,252.5,861.0,1344.0,0.535755115,BABA,7/29/2020,252.45,254.3,250.1,250.34,11493500.0,252.45,254.3,250.1,250.34
33.0,BABA,7/3/2019,7/5/2019,2202.0,7970.0,175.0,3957.0,1332.0,0.444712947,BABA,7/3/2019,174.67,175.85,173.85,175.69,8532500.0,174.67,175.85,173.85,175.69
25.0,BABA,7/31/2019,8/2/2019,1642.0,2396.0,172.5,7723.0,4644.0,0.567818861,BABA,7/31/2019,173.11,174.89,170.09,173.71,14628800.0,173.11,174.89,170.09,173.71
50.0,BABA,7/6/2022,7/8/2022,1142.0,833.0,119.0,196.0,546.0,0.541272228,BABA,7/6/2022,119.12,120.0,115.51,118.93,20185525.0,119.12,120.0,115.51,118.93
25.0,BABA,7/7/2021,7/9/2021,8746.0,2627.0,210.0,3800.0,4164.0,0.365649743,BABA,7/7/2021,208.0,212.05,207.82,211.61,18327972.0,208.0,212.05,207.82,211.61
44.0,BABA,7/8/2020,7/10/2020,9512.0,2020.0,252.5,5.0,2535.0,0.63863187,BABA,7/8/2020,257.68,258.49,244.02,244.86,39922700.0,257.68,258.49,244.02,244.86
37.0,BABA,8/10/2022,8/12/2022,7782.0,4224.0,92.0,2019.0,1041.0,0.564432908,BABA,8/10/2022,92.43,92.95,88.56,91.17,17814318.0,92.43,92.95,88.56,91.17
52.0,BABA,8/11/2021,8/13/2021,7515.0,3553.0,195.0,2833.0,1447.0,0.53218554,BABA,8/11/2021,194.86,196.92,194.73,196.6,8975801.0,194.86,196.92,194.73,196.6
37.0,BABA,8/12/2020,8/14/2020,3853.0,4521.0,250.0,3071.0,3125.0,0.774632881,BABA,8/12/2020,255.19,256.08,248.68,249.25,11120300.0,255.19,256.08,248.68,249.25
42.0,BABA,8/14/2019,8/16/2019,8772.0,6570.0,162.5,1644.0,1413.0,0.52593685,BABA,8/14/2019,162.06,163.0,159.21,161.34,20803600.0,162.06,163.0,159.21,161.34
34.0,BABA,8/17/2022,8/19/2022,3080.0,3567.0,91.0,4333.0,1496.0,0.39487159,BABA,8/17/2022,89.77,92.39,89.76,91.87,14455412.0,89.77,92.39,89.76,91.87
30.0,BABA,8/18/2021,8/20/2021,21134.0,584.0,175.0,5026.0,10569.0,0.411075769,BABA,8/18/2021,172.35,175.36,172.11,174.1,34306991.0,172.35,175.36,172.11,174.1
60.0,BABA,8/19/2020,8/21/2020,16116.0,14586.0,260.0,4852.0,4198.0,0.540430072,BABA,8/19/2020,260.59,261.29,257.38,260.89,14096500.0,260.59,261.29,257.38,260.89
31.0,BABA,8/21/2019,8/23/2019,3418.0,4406.0,175.0,4033.0,3811.0,0.548214113,BABA,8/21/2019,175.24,178.5,174.89,177.22,10627500.0,175.24,178.5,174.89,177.22
27.0,BABA,8/24/2022,8/26/2022,7237.0,3763.0,94.0,914.0,854.0,0.361770899,BABA,8/24/2022,92.52,94.15,87.55,87.9,22784824.0,92.52,94.15,87.55,87.9
75.0,BABA,8/25/2021,8/27/2021,13359.0,2835.0,167.5,772.0,6047.0,0.573899605,BABA,8/25/2021,169.1,169.61,166.08,168.7,26022699.0,169.1,169.61,166.08,168.7
46.0,BABA,8/26/2020,8/28/2020,22196.0,6878.0,290.0,247.0,1058.0,0.569702868,BABA,8/26/2020,291.96,292.48,284.1,289.26,19530200.0,291.96,292.48,284.1,289.26
20.0,BABA,8/28/2019,8/30/2019,5192.0,3087.0,167.5,1690.0,1595.0,0.504708509,BABA,8/28/2019,167.48,168.0,164.2,164.64,9510200.0,167.48,168.0,164.2,164.64
34.0,BABA,8/3/2022,8/5/2022,8283.0,1482.0,96.0,385.0,3427.0,0.524073642,BABA,8/3/2022,95.72,96.3,90.92,92.0,23756953.0,95.72,96.3,90.92,92.0
35.0,BABA,8/31/2022,9/2/2022,5792.0,2370.0,98.0,326.0,921.0,0.337899363,BABA,8/31/2022,95.41,98.62,94.92,96.66,16085364.0,95.41,98.62,94.92,96.66
47.0,BABA,8/4/2021,8/6/2021,20146.0,3822.0,202.5,775.0,1344.0,0.461044315,BABA,8/4/2021,200.71,203.27,196.91,197.49,22322252.0,200.71,203.27,196.91,197.49
42.0,BABA,8/5/2020,8/7/2020,8132.0,2796.0,265.0,85.0,1733.0,0.499810571,BABA,8/5/2020,264.91,265.98,261.76,263.74,10729100.0,264.91,265.98,261.76,263.74
17.0,BABA,8/7/2019,8/9/2019,3357.0,2931.0,157.5,3126.0,5686.0,0.65842968,BABA,8/7/2019,159.17,159.48,155.3,155.73,17917300.0,159.17,159.48,155.3,155.73
82.0,BABA,9/1/2021,9/3/2021,14614.0,4779.0,172.5,1903.0,8108.0,0.564393454,BABA,9/1/2021,173.28,174.79,169.33,169.56,29535487.0,173.28,174.79,169.33,169.56
23.0,BABA,9/11/2019,9/13/2019,3097.0,2298.0,175.0,2486.0,2251.0,0.623903647,BABA,9/11/2019,176.09,176.66,174.15,176.0,7039200.0,176.09,176.66,174.15,176.0
30.0,BABA,9/14/2022,9/16/2022,1889.0,1315.0,89.0,2965.0,2082.0,0.500477986,BABA,9/14/2022,88.92,89.78,88.17,89.46,10736754.0,88.92,89.78,88.17,89.46
61.0,BABA,9/15/2021,9/17/2021,12479.0,790.0,157.5,4416.0,2522.0,0.50105104,BABA,9/15/2021,157.86,158.03,153.92,157.95,31760889.0,157.86,158.03,153.92,157.95
48.0,BABA,9/16/2020,9/18/2020,2851.0,2769.0,282.5,719.0,386.0,0.355922219,BABA,9/16/2020,278.14,283.6,278.0,281.03,9591200.0,278.14,283.6,278.0,281.03
27.0,BABA,9/18/2019,9/20/2019,9991.0,30605.0,180.0,10833.0,2679.0,0.511032692,BABA,9/18/2019,180.0,180.17,177.58,179.15,9288100.0,180.0,180.17,177.58,179.15
47.0,BABA,9/2/2020,9/4/2020,2478.0,943.0,292.5,770.0,596.0,0.652480423,BABA,9/2/2020,296.07,299.0,289.79,299.0,12638500.0,296.07,299.0,289.79,299.0
18.0,BABA,9/21/2022,9/23/2022,4530.0,622.0,85.0,2434.0,728.0,0.223067843,BABA,9/21/2022,81.6,85.16,81.5,85.12,23782424.0,81.6,85.16,81.5,85.12
31.0,BABA,9/22/2021,9/24/2021,9875.0,2171.0,152.5,1829.0,2732.0,0.453190659,BABA,9/22/2021,151.89,154.0,151.02,151.47,19800869.0,151.89,154.0,151.02,151.47
38.0,BABA,9/23/2020,9/25/2020,2817.0,4226.0,275.0,630.0,1089.0,0.408438399,BABA,9/23/2020,272.95,277.83,271.5,275.4,7353200.0,272.95,277.83,271.5,275.4
25.0,BABA,9/25/2019,9/27/2019,3833.0,5850.0,175.0,6602.0,4846.0,0.645280099,BABA,9/25/2019,176.66,176.99,171.72,172.3,11842400.0,176.66,176.99,171.72,172.3
18.0,BABA,9/28/2022,9/30/2022,1867.0,929.0,79.0,883.0,1299.0,0.740956984,BABA,9/28/2022,80.99,81.48,76.28,76.49,20703479.0,80.99,81.48,76.28,76.49
63.0,BABA,9/29/2021,10/1/2021,13071.0,4997.0,150.0,4632.0,2670.0,0.4066965,BABA,9/29/2021,147.58,152.1,147.48,150.46,17350392.0,147.58,152.1,147.48,150.46
44.0,BABA,9/30/2020,10/2/2020,19327.0,3514.0,295.0,855.0,538.0,0.426550338,BABA,9/30/2020,293.98,295.0,283.71,284.01,24761823.0,293.98,295.0,283.71,284.01
27.0,BABA,9/4/2019,9/6/2019,4904.0,5745.0,175.0,1392.0,3038.0,0.430259451,BABA,9/4/2019,174.33,176.55,173.99,176.26,7215400.0,174.33,176.55,173.99,176.26
20.0,BABA,9/7/2022,9/9/2022,3306.0,878.0,89.0,661.0,1378.0,0.683533507,BABA,9/7/2022,90.6,90.86,87.76,88.52,12731897.0,90.6,90.86,87.76,88.52
79.0,BABA,9/8/2021,9/10/2021,15039.0,2852.0,172.5,1572.0,1857.0,0.31496481,BABA,9/8/2021,170.71,174.37,169.26,174.25,18979092.0,170.71,174.37,169.26,174.25
40.0,BABA,9/9/2020,9/11/2020,4128.0,1581.0,275.0,1325.0,477.0,0.457504113,BABA,9/9/2020,273.15,275.64,270.88,274.45,9465600.0,273.15,275.64,270.88,274.45
